SNP,chromosome,position,EFAL,NEFAL,known,EAF,mtag_beta,mtag_se,mtag_z,mtag_pval
rs36096196,01,2252205,T,C,3,0.148,0.016,0.003,-5.682,1.33E-08
rs60154123,01,210468999,T,C,3,0.15,0.016,0.003,-5.632,1.78E-08
rs2493298,01,3325912,A,C,2,0.136,0.018,0.003,-6.218,5.02E-10
rs11806316,01,115753482,A,G,2,0.367,-0.013,0.002,-6.347,2.19E-10
rs4072980,01,38456106,A,G,2,0.43,-0.013,0.002,-6.408,1.48E-10
rs11591147,01,55505647,T,G,1,0.016,-0.076,0.008,9.585,9.24E-22
rs17114046,01,56966350,A,G,1,0.906,0.036,0.003,11.126,9.34E-29
rs6700559,01,200646073,T,C,1,0.472,-0.011,0.002,-5.824,5.76E-09
rs4845625,01,154422067,T,C,1,0.434,0.015,0.002,7.989,1.36E-15
rs2820315,01,201872264,T,C,1,0.301,0.014,0.002,6.678,2.42E-11
rs1892094,01,169094459,T,C,1,0.496,-0.014,0.002,-7.159,8.12E-13
rs11204892,01,151768048,A,G,1,0.189,-0.018,0.003,6.786,1.15E-11
rs35158675,01,222829550,A,G,1,0.682,0.025,0.002,11.174,5.50E-29
rs602633,01,109821511,T,G,1,0.234,-0.037,0.002,-16.384,2.48E-60
rs582384,02,45896437,A,C,3,0.525,0.012,0.002,-5.83,5.55E-09
rs11677932,02,238223955,A,G,3,0.316,-0.012,0.002,5.663,1.48E-08
rs12999907,02,164957251,A,G,2,0.819,0.017,0.003,6.597,4.20E-11
rs2252641,02,145801461,T,C,1,0.53,-0.014,0.002,-7.39,1.46E-13
rs1250229,02,216304384,T,C,1,0.272,0.017,0.002,7.509,5.96E-14
rs2571445,02,218683154,A,G,1,0.39,0.014,0.002,7.23,4.81E-13
rs6743030,02,85763520,T,C,1,0.465,0.021,0.002,-10.125,4.29E-24
rs515135,02,21286057,T,C,1,0.184,-0.021,0.002,-8.618,6.79E-18
rs6544713,02,44073881,T,C,1,0.304,0.019,0.002,8.966,3.07E-19
rs6728861,02,203873743,A,G,1,0.117,0.038,0.003,-12.268,1.34E-34
rs16986953,02,19942473,A,G,1,0.11,0.031,0.004,8.453,2.84E-17
rs667920,03,136069472,T,G,3,0.775,0.018,0.002,7.851,4.12E-15
rs7633770,03,46688562,A,G,3,0.406,0.011,0.002,5.798,6.69E-09
rs4266144,03,156852592,C,G,3,0.677,-0.013,0.002,-5.724,1.04E-08
rs7617773,03,48193515,T,C,2,0.669,0.014,0.002,6.769,1.30E-11
rs12897,03,172115902,A,G,2,0.591,-0.013,0.002,6.308,2.83E-10
rs10512861,03,132257961,T,G,2,0.143,-0.017,0.003,-6.041,1.54E-09
rs4678145,03,124450081,C,G,1,0.128,0.024,0.003,-7.789,6.73E-15
rs789294,03,154057741,C,G,1,0.165,-0.023,0.003,7.915,2.47E-15
rs34991912,03,14926351,T,C,1,0.434,0.014,0.002,6.812,9.65E-12
rs185244,03,138092889,T,C,1,0.163,0.024,0.003,-8.649,5.18E-18
rs3775058,04,96117371,A,T,3,0.234,0.014,0.002,-5.835,5.37E-09
rs12500824,04,77416627,A,G,2,0.357,0.013,0.002,6.492,8.47E-11
rs7696431,04,169687725,T,G,2,0.51,0.011,0.002,-5.659,1.52E-08
rs11099493,04,82587050,A,G,2,0.692,0.014,0.002,6.504,7.82E-11
rs7692387,04,156635309,A,G,1,0.189,-0.025,0.002,-10.103,5.39E-24
rs10857147,04,81181072,A,T,1,0.721,-0.018,0.002,-7.839,4.54E-15
rs7678555,04,120909501,A,C,1,0.717,-0.018,0.002,-7.856,3.95E-15
rs6841581,04,148401190,A,G,1,0.156,0.028,0.003,10.23,1.45E-24
rs17081933,04,57822869,A,T,1,0.198,0.015,0.003,-5.898,3.69E-09
rs3936511,05,55860781,A,G,3,0.823,-0.014,0.002,-5.591,2.26E-08
rs112941079,05,9546098,A,G,2,0.868,0.022,0.003,7.341,2.13E-13
rs273909,05,131667353,A,G,1,0.875,-0.019,0.003,-6.358,2.04E-10
rs246600,05,142516897,T,C,1,0.463,0.016,0.002,8.504,1.83E-17
rs17080091,06,150997401,T,C,3,0.084,-0.021,0.004,-5.938,2.89E-09
rs1321309,06,36638636,A,G,3,0.491,0.011,0.002,5.63,1.81E-08
rs4613862,06,82612271,A,C,3,0.531,0.012,0.002,6.327,2.51E-10
rs1591805,06,126717064,A,G,2,0.493,0.013,0.002,-6.548,5.83E-11
rs6905288,06,43758873,A,G,2,0.581,0.014,0.002,6.948,3.70E-12
rs71566846,06,57148171,T,C,2,0.066,0.029,0.004,-7.256,3.99E-13
rs55730499,06,161005610,T,C,1,0.069,0.102,0.004,-26.205,2.30E-151
rs9349379,06,12903957,A,G,1,0.591,-0.039,0.002,-18.98,2.49E-80
rs1334894,06,35615130,T,C,1,0.092,-0.018,0.003,-5.511,3.56E-08
rs644045,06,31883957,A,G,1,0.353,-0.015,0.002,-7.362,1.82E-13
rs6909752,06,22612629,A,G,1,0.355,0.016,0.002,-7.649,2.03E-14
rs2327429,06,134209837,T,C,1,0.695,0.025,0.002,11.821,3.03E-32
rs10947789,06,39174922,T,C,1,0.767,0.016,0.002,7.049,1.80E-12
rs2814944,06,34552797,A,G,1,0.155,0.018,0.003,6.807,9.99E-12
rs7797644,07,6486067,T,C,3,0.232,-0.014,0.002,5.71,1.13E-08
rs975722,07,117332914,A,G,3,0.595,-0.011,0.002,-5.593,2.23E-08
rs2107732,07,45077978,A,G,3,0.087,-0.02,0.004,5.438,5.37E-08
rs10267593,07,1937261,A,G,3,0.201,-0.014,0.002,-5.728,1.01E-08
rs11509880,07,12261911,A,G,2,0.361,0.012,0.002,5.657,1.54E-08
rs3918226,07,150690176,T,C,1,0.073,0.036,0.004,-9.545,1.36E-21
rs2107595,07,19049388,A,G,1,0.177,0.029,0.003,-10.394,2.65E-25
rs2189839,07,107230026,A,G,1,0.29,0.013,0.002,-5.623,1.87E-08
rs10237377,07,139757136,T,G,1,0.361,-0.013,0.002,-6.104,1.04E-09
rs11556924,07,129663496,T,C,1,0.362,-0.021,0.002,-10.409,2.25E-25
rs10093110,08,106565414,A,G,3,0.417,-0.012,0.002,5.629,1.81E-08
rs6984210,08,22033615,C,G,2,0.939,-0.029,0.004,-6.925,4.35E-12
rs6997340,08,18286997,T,C,2,0.303,0.013,0.002,5.968,2.40E-09
rs17091891,08,19843171,T,C,1,0.871,0.022,0.003,7.665,1.78E-14
rs6982502,08,126479362,T,C,1,0.53,-0.019,0.002,-10.029,1.14E-23
rs885150,09,124420173,T,C,3,0.73,-0.014,0.002,-6.275,3.51E-10
rs944172,09,110517794,T,C,2,0.72,-0.015,0.002,-7.079,1.46E-12
rs2519093,09,136141870,T,C,1,0.184,0.021,0.003,-7.929,2.20E-15
rs4977574,09,22098574,A,G,1,0.519,-0.066,0.002,-32.408,2.12E-230
rs4752700,10,124237612,A,G,3,0.551,-0.013,0.002,-6.605,3.97E-11
rs61848342,10,12303813,T,C,3,0.636,-0.013,0.002,-6.166,7.00E-10
rs17680741,10,82251514,T,C,2,0.715,0.015,0.002,6.835,8.21E-12
rs4918072,10,105693644,A,G,2,0.271,0.014,0.002,-6.204,5.50E-10
rs1870634,10,44480811,T,G,1,0.351,-0.022,0.002,10.431,1.80E-25
rs3740390,10,104638480,T,C,1,0.107,-0.027,0.003,-7.943,1.97E-15
rs1412444,10,91002927,T,C,1,0.353,0.021,0.002,-9.713,2.66E-22
rs9337951,10,30317073,A,G,1,0.318,0.019,0.002,-8.694,3.50E-18
rs7116641,11,43696917,T,G,3,0.688,-0.012,0.002,-5.828,5.61E-09
rs4754698,11,100631908,C,G,2,0.54,-0.013,0.002,6.593,4.32E-11
rs11601507,11,5701074,A,C,2,0.074,0.029,0.004,-7.276,3.44E-13
rs472109,11,9770318,C,G,1,0.57,0.015,0.002,7.087,1.37E-12
rs606452,11,75276178,A,C,1,0.171,-0.018,0.003,-6.724,1.77E-11
rs7926712,11,13303085,A,G,1,0.31,-0.013,0.002,5.94,2.85E-09
rs651821,11,116662579,T,C,1,0.901,-0.029,0.004,-7.261,3.83E-13
rs12801636,11,65391317,A,G,1,0.236,-0.016,0.002,-6.859,6.93E-12
rs974819,11,103660567,T,C,1,0.308,0.024,0.002,11.32,1.05E-29
rs11838267,12,7175872,T,C,3,0.868,0.019,0.003,6.237,4.47E-10
rs11107903,12,95507971,A,G,2,0.077,-0.028,0.004,7.196,6.21E-13
rs7137828,12,111932800,T,C,1,0.554,-0.022,0.002,-10.866,1.67E-27
rs11170820,12,54513915,C,G,1,0.929,-0.029,0.004,-7.264,3.77E-13
rs2681492,12,90013089,T,C,1,0.814,-0.021,0.003,-7.959,1.74E-15
rs1169288,12,121416650,A,C,1,0.673,-0.019,0.002,-8.951,3.52E-19
rs11057830,12,125307053,A,G,1,0.147,0.025,0.003,8.905,5.32E-19
rs11613352,12,57792580,T,C,1,0.235,-0.013,0.002,-5.852,4.86E-09
rs10841443,12,20220033,C,G,1,0.341,-0.017,0.002,7.742,9.82E-15
rs1317507,13,113631780,A,C,2,0.261,0.016,0.002,6.954,3.55E-12
rs7998440,13,33125206,A,G,2,0.355,-0.014,0.002,6.572,4.97E-11
rs9319428,13,28973621,A,G,1,0.312,0.014,0.002,6.679,2.40E-11
rs9515203,13,111049623,T,C,1,0.739,0.022,0.002,10.18,2.44E-24
rs2145598,14,58794001,A,G,3,0.576,-0.011,0.002,-5.578,2.43E-08
rs112635299,14,94838142,T,G,3,0.019,-0.045,0.007,6.232,4.60E-10
rs8003602,14,100148961,T,C,1,0.268,-0.019,0.002,8.216,2.11E-16
rs7145159,14,75583268,T,C,1,0.523,-0.012,0.002,-6.422,1.35E-10
rs17581137,15,96146414,A,C,3,0.754,0.014,0.002,5.905,3.52E-09
rs6494488,15,65024204,A,G,1,0.812,0.014,0.003,5.596,2.19E-08
rs17514846,15,91416550,A,C,1,0.461,0.021,0.002,10.865,1.69E-27
rs72743461,15,67441750,A,C,1,0.221,-0.021,0.002,8.59,8.67E-18
rs7173743,15,79141784,T,C,1,0.554,0.025,0.002,12.763,2.65E-37
rs1807214,15,89565257,A,C,1,0.889,0.023,0.003,-6.699,2.10E-11
rs7199941,16,81906423,A,G,2,0.398,0.014,0.002,7.274,3.48E-13
rs12149545,16,56993161,A,G,1,0.304,-0.013,0.002,6.101,1.05E-09
rs8046696,16,75442143,T,G,1,0.431,-0.017,0.002,-8.299,1.05E-16
rs7500448,16,83045790,A,G,1,0.759,0.02,0.002,8.315,9.16E-17
rs1050362,16,72130815,A,C,1,0.376,0.014,0.002,6.817,9.31E-12
rs76954792,17,30033514,T,C,3,0.22,0.014,0.002,-5.654,1.56E-08
rs2074164,17,40270238,C,G,2,0.196,0.015,0.003,-5.881,4.07E-09
rs11080107,17,27938424,T,C,2,0.515,-0.013,0.002,6.365,1.96E-10
rs12936587,17,17543722,A,G,1,0.438,-0.012,0.002,-6.329,2.47E-10
rs1476098,17,59237013,A,C,1,0.212,0.016,0.003,-6.224,4.85E-10
rs17608766,17,45013271,T,C,1,0.863,-0.018,0.003,-6.34,2.30E-10
rs9892152,17,62401965,T,C,1,0.472,-0.013,0.002,-6.697,2.12E-11
rs170041,17,2170216,T,C,1,0.294,-0.018,0.002,-8.577,9.77E-18
rs62076439,17,47404628,T,G,1,0.341,0.017,0.002,-8.011,1.14E-15
rs9964304,18,47229717,A,C,3,0.716,-0.014,0.002,-6.142,8.14E-10
rs663640,18,57846077,T,C,1,0.222,0.014,0.002,-5.881,4.07E-09
rs7251815,19,17844942,T,G,2,0.216,0.018,0.002,-7.462,8.49E-14
rs116843064,19,8429323,A,G,1,0.02,-0.047,0.008,-6.263,3.77E-10
rs55791371,19,11188153,A,C,1,0.887,0.04,0.003,12.833,1.07E-37
rs7412,19,45412079,T,C,1,0.079,-0.046,0.004,12.401,2.58E-35
rs4803455,19,41851509,A,C,1,0.495,-0.017,0.002,8.534,1.42E-17
rs260020,20,57714025,T,C,3,0.131,0.019,0.003,-6.191,5.98E-10
rs6102343,20,39924279,A,G,3,0.247,0.014,0.002,-5.854,4.80E-09
rs3827066,20,44586023,T,C,3,0.144,0.016,0.003,6.017,1.77E-09
rs867186,20,33764554,A,G,1,0.897,0.023,0.003,6.96,3.39E-12
rs2832227,21,30533076,A,G,2,0.826,-0.015,0.003,-6.002,1.95E-09
rs28451064,21,35593827,A,G,1,0.124,0.038,0.003,-12.3,9.02E-35